<?xml version="1.0" encoding="UTF-8"?>
<project-private xmlns="http://www.netbeans.org/ns/project-private/1">
    <editor-bookmarks xmlns="http://www.netbeans.org/ns/editor-bookmarks/2" lastBookmarkId="0"/>
    <open-files xmlns="http://www.netbeans.org/ns/projectui-open-files/2">
        <group>
            <file>file:/C:/wamp64/www/ins/data/policy_data.php</file>
            <file>file:/C:/wamp64/www/ins/get_ins.php</file>
            <file>file:/C:/wamp64/www/ins/css/style.css</file>
            <file>file:/C:/wamp64/www/ins/home.php</file>
            <file>file:/C:/wamp64/www/ins/infocard.php</file>
            <file>file:/C:/wamp64/www/ins/top_header.php</file>
        </group>
    </open-files>
</project-private>
